상품 이미지,상품 이름,상품 가격,상품 설명
img01.png,신일전자 미니 압력밥솥 SCJ-R020WH,95800,소형이지만 강력한 성능의 미니 압력밥솥입니다. 간편한 조작과 빠른 조리 시간으로 바쁜 일상에 최적화된 제품입니다.
img02.png,쿠쿠 전기보온 에그밥솥 6인용 CR-0675FW,64010,에그밥 전문으로 디자인된 6인용 보온 밥솥입니다. 다양한 옵션과 함께 신선하고 따뜻한 에그밥을 제공합니다.
img03.png,제벤 디지털 마카롱 밥솥 민트 2~3인용 EURO-RM300K,33510,세련된 디자인의 디지털 마카롱 밥솥으로 소가구에 적합합니다. 2~3인 가정을 위한 적당한 용량과 다양한 기능을 제공합니다.
img04.png,쿠쿠 전기압력밥솥 6인용 CRP-P0620FDM,165490,안전하고 빠른 압력조리로 맛과 영양을 고스란히 담아냅니다. 6인 가족을 위한 대용량으로 식사 준비가 간편합니다.
img05.png,쿠첸 업소용밥솥 WM-3503 35인용,163000,대규모 식사에 최적화된 35인용 업소용 밥솥입니다. 튼튼한 구조와 안전한 사용을 보장합니다.
img06.png,맘쿡 전기보온 밥솥 DMC-280 17인용,66500,대가족을 위한 17인용 전기보온 밥솥으로 대용량 조리와 따뜻한 보온 기능을 동시에 제공합니다. 스타일리시한 디자인과 다양한 기능으로 손쉬운 식사 준비를 도와줍니다.
img07.png,쿠쿠 10인용 전기압력밥솥 CRP-QS1020FGM,166900,안전하고 빠른 압력조리로 10인 가족을 위한 효율적인 밥솥입니다. 다기능성과 큰 용량으로 다양한 요리를 간편하게 즐길 수 있습니다.
img08.png,쿠쿠 전기압력밥솥 10인용 CRP-P104FB,156290,고객들에게 안정적이고 맛있는 밥을 제공하는 10인용 전기압력밥솥입니다. 스마트한 디자인과 다양한 기능으로 요리 경험을 높여줍니다.
img09.png,3~4인용 5분 바로밥 누룽지 압력 가마솥 압력솥 돌솥 밥솥 밥 [나무받침 주걱 포함] 효도선물 신혼부부선물 추천 3) 4~5인용(1.6L),139900,5분 바로밥으로 빠르게 즐기는 3~4인용 압력 가마솥입니다. 나무받침과 주걱이 함께 제공되어 신혼부부나 효도선물로 안성맞춤입니다.
img10.png,쿠쿠 전기보온밥솥 6인용 CR-0671V,42000,6인용 전기보온 밥솥으로 가족들에게 따뜻하고 맛있는 밥을 지속적으로 제공합니다. 간편한 조작법과 효과적인 에너지 관리로 편안한 식사를 선사합니다
img11.png,공식 쿠쿠 CRP-N0680SSM 6인용 열판 전기압력밥솥,134830,6인 가족을 위한 열판 기술이 적용된 쿠쿠의 공식 전기압력밥솥으로 다양한 요리를 쉽게 즐길 수 있습니다. 스마트한 디자인과 안전한 사용을 보장하여 신선하고 맛있는 식사를 만들어냅니다.
img12.png,제벤 디지털 마카롱 밥솥 2~3인용 EURO-RM300W,33900,디지털 제어 시스템을 갖춘 2~3인용 마카롱 디자인의 밥솥으로 간편한 조작과 다양한 메뉴를 지원합니다. 유럽 스타일의 세련된 외관과 함께 작은 가구나 소가족에게 적합한 크기입니다.
img13.png,키친아트 쏘렐 스마트 미니 전기 밥솥 3인용 KCM-777RC,44500,쏘렐 스마트 미니 전기 밥솥은 소형이지만 강력한 성능을 자랑하며 3인 가족에게 최적화된 크기입니다. 스마트한 조리 모드와 예약 기능을 통해 바쁜 일상에 편리한 식사를 제공합니다.
img14.png,쿠쿠 트윈프레셔 미니 전기압력밥솥 3인용 CRP-TT0310FGW,179910,트윈프레셔 기술을 적용한 미니 전기압력밥솥으로 빠른 조리와 맛있는 밥을 동시에 제공합니다. 3인용 크기로 소가족이나 혼자 사는 분들에게 적합한 제품입니다.
img15.png,Zibo Zhoucun 전기 밥솥 다목적 밥솥 다기능 전기 밥솥 전기 냄비 전기 프라이팬 전기 밥솥 전기 밥솥 전기 밥솥 전기 밥솥 전기 밥솥 40 개의 단일 케이지 (6 개의 상자),32320,Zibo Zhoucun의 다목적 다기능 전기 밥솥 세트로 밥솥 냄비 프라이팬 등 다양한 용도로 활용 가능합니다. 40개의 단일 케이지로 구성되어 다양한 조리를 원하는 분들에게 편리한 선택지를 제공합니다.
img16.png,쿠첸 미니 보온밥솥 4인용 CRE-D0401W,53320,소형이지만 강력한 보온 기능으로 따뜻하고 맛있는 밥을 제공하는 쿠첸 미니 보온밥솥입니다. 4인 가족을 위한 적절한 크기로 간편한 조작과 함께 신선한 식사를 누릴 수 있습니다.
img17.png,쿠첸 브레인 IH 전기압력밥솥 6인용 CRH-TWK0670W,244000,브레인 IH 기술이 적용된 쿠첸의 전기압력밥솥으로 높은 압력과 온도로 신속하고 맛있게 밥을 지어냅니다. 6인 가족을 위한 크기로 다양한 요리 메뉴와 안전한 사용을 제공합니다.
img18.png,쿠첸 더핏 전기 압력밥솥 6인용 CRS-FWK0641W,159000,더핏 기술이 적용된 쿠첸의 전기 압력밥솥으로 건강한 식사를 위한 저압력 조리를 지원합니다. 6인 가족에게 최적화된 크기로 다양한 메뉴와 편리한 기능이 포함되어 있습니다.
img19.png,쿠첸 미니 보온밥솥 6인용 CRE-D0601W,69290,작은 크기임에도 불구하고 6인 가족을 위한 충분한 용량을 제공하는 쿠첸 미니 보온밥솥입니다. 간편한 조작과 보온 기능을 통해 다양한 식사를 손쉽게 즐길 수 있습니다.
img20.png,엔유씨 세라믹 내솥 + 저당식 밥솥 5~6인용 화이트 + 상부 히터 세트 NLP-300GH,129000,세라믹 내솥과 저당식 밥솥이 결합된 엔유씨의 밥솥 세트로 건강하고 고소한 밥을 지어냅니다. 5~6인 가족을 위한 크기로 상부 히터가 추가된 디자인으로 완벽한 밥맛을 선사합니다.
img21.png,5분 바로 밥 누룽지 가마솥 손잡이형 + 나무 세트 1.2L 은색 + 검정색 1세트,101370,5분만에 완성되는 누룽지 가마솥으로 간편하고 빠르게 바쁜 일상에 맞춘 쌀맛을 즐길 수 있습니다. 손잡이형 디자인과 나무 소재의 세트로 식탁을 화려하게 연출하는 동시에 작은 가족을 위한 1.2L 용량을 제공합니다.
img22.png,1.6L 스마트 밥솥 다기능 1-2 사람 세라믹 건강 밥솥 전기 스튜 냄비 예약 전기 요리 냄비 220V [04] With stew cup [04] KR,53710,1-2인을 위한 1.6L 용량의 스마트 밥솥으로 세라믹 건강 밥을 예약 기능과 함께 편리하게 즐길 수 있습니다. 다기능 활용 가능한 스튜 냄비와 함께 제공되며 다양한 전기 요리에 활용할 수 있는 다용도 냄비입니다.
img23.png,키친아트 업소용 대용량 전기 보온 밥솥 KHJ-CRC50 50인용,250000,업소 및 대규모 모임에 적합한 대용량 50인용 전기 보온 밥솥으로 효율적이고 안정적인 식사 공급이 가능합니다. 키친아트의 높은 신뢰성과 편리한 사용성을 통해 대규모 식사 준비에 최적화된 제품입니다.
img24.png,쿠쿠 트윈프레셔 더라이트 전기압력밥솥 6인용 CRP-ST0610FL,219000,더라이트 기술이 적용된 쿠쿠의 6인용 전기압력밥솥으로 건강하고 맛있는 식사를 간편하게 즐길 수 있습니다. 효율적이고 빠른 밥솥 성능과 함께 다양한 요리 기능으로 가족 식사를 더욱 풍부하게 만듭니다.
img25.png,쿠쿠 IH전기압력밥솥 10인용 CRP-HWF1060FB,192540,최신 IH 기술이 적용된 쿠쿠의 10인용 전기압력밥솥으로 뛰어난 압력과 온도로 고소하고 신선한 밥을 지어냅니다. 큰 가족이나 손님을 위한 충분한 용량과 각종 특별한 기능을 갖춘 고급스러운 밥솥입니다.
img26.png,쿠쿠 트윈프레셔 더라이트 전기압력밥솥 10인용 CRP-ST1010FL,229000,쿠쿠의 트윈프레셔 더라이트 10인용 전기압력밥솥으로 신선하고 고소한 맛을 간편하게 즐길 수 있습니다. 특허받은 더라이트 기술이 적용되어 가족 식사나 손님 맞이에 최적화된 성능과 편리한 기능을 제공합니다.
img27.png,쿠쿠 10인용 전기압력밥솥 CRP-QS1020FSM,170390,쿠쿠의 10인용 전기압력밥솥으로 고급스러운 디자인과 강력한 성능을 겸비하여 다양한 요리에 최적화되었습니다. 다채로운 기능과 편리한 사용성으로 가족들과의 식사를 더욱 특별하게 만들어 줍니다.
img28.png,작은 너구리 전기 밥솥 가구 2-3 작은 다기능 미니 자동 지능형 요리 쌀 냄비 2L VH35C-1.6L 흰 밥솥,37200,작은 너구리의 2-3인용 미니 자동 지능형 밥솥으로 소형 가구나 작은 가족에게 최적화된 크기와 성능을 제공합니다. 2L 용량의 쌀 냄비와 1.6L 용량의 흰 밥솥이 함께 제공되어 다양한 음식을 손쉽게 조리할 수 있습니다.
img29.png,쿠쿠 전기 압력 밥솥 10인용 CRP-Q1010FL,171990,쿠쿠의 10인용 전기 압력 밥솥으로 현대적인 디자인과 최신 기술을 결합하여 맛과 효율을 동시에 높였습니다. 큰 용량과 다양한 기능으로 손쉽게 다채로운 요리를 즐길 수 있으며 가족 및 손님 대접에 적합합니다.
img30.png,쿠첸 업소용 전기밥솥 CJE-WM3504 35인용,166640,쿠첸의 업소용 전기밥솥으로 대규모 식사나 행사에 최적화된 35인용 대용량을 자랑합니다. 신뢰성 있는 쿠첸의 기술로 안정적이고 빠른 조리를 제공하여 대규모 식사 준비를 효과적으로 지원합니다.
img31.png,쿠첸 크리미 미니 밥솥 3~4인용 CJE-CD0302,113720,소형이지만 강력한 성능을 자랑하는 쿠첸 크리미 미니 밥솥으로 소가구나 3~4인 가족에게 이상적인 크기입니다. 다양한 요리 메뉴를 즐길 수 있는 다기능성과 간편한 조작으로 일상 식사를 더욱 편리하게 만들어 줍니다.
img32.png,쿠쿠 IH 전기 압력밥솥 6인용 CRP-DHB0660FDM,232200,쿠쿠의 IH 기술을 적용한 6인용 전기 압력밥솥으로 뛰어난 가열 효율성과 신속한 조리로 식사 준비를 빠르고 간편하게 해줍니다. 그레이스 화이트 컬러와 스타일리시한 디자인으로 주방을 고급스럽게 연출하며 다양한 요리에 활용이 가능합니다.
img33.png,곰돌이 전기밥도시락 전기밥솥 직장인 전기밥솥 전기밥솥 전자동 -2358 흰색,43800,직장인을 위한 간편한 전자동 전기밥솥 곰돌이 전기밥도시락으로 바쁜 일상에서도 신속하게 맛있는 밥을 즐길 수 있습니다. 흰색 컬러와 손쉬운 조작으로 편리한 사용성을 제공하며 간편하게 외식 대신 식사를 즐기고 싶은 분들에게 추천합니다.
img34.png,쿠쿠 트윈프레셔 밥솥 10인용 CRP-RT107FC,178000,쿠쿠의 트윈프레셔 기술이 적용된 10인용 전기밥솥으로 두 배의 압력으로 밥을 살짝 쫄깃하게 지어내어 입맛에 적합합니다. 고성능과 안전성을 동시에 만족시키며 대가족이나 모임에서의 요리에 최적화된 제품입니다.
img35.png,쿠쿠 IH 전기압력밥솥 6인용 그레이스 화이트 CRP-DHP0610FW,224050,쿠쿠의 IH 기술을 활용한 6인용 그레이스 화이트 컬러의 전기압력밥솥으로 다양한 요리에 최적화된 기능을 제공합니다. 화이트 컬러의 세련된 디자인과 강력한 성능이 결합되어 식사를 더욱 풍성하게 즐길 수 있는 제품입니다.
img36.png,쿠쿠 IH 전기압력밥솥 10인용 CRP-JHP1010FG,280530,쿠쿠의 최신 IH 기술이 적용된 10인용 전기압력밥솥으로 다양한 요리를 빠르게 조리하여 대가족 식사에 최적화되어 있습니다. 풍부한 기능과 안전한 사용을 통해 편리하고 맛있는 식사를 제공하여 주방 생활을 더욱 풍성하게 만들어 줍니다. 
img37.png,쿠쿠 전기보온밥솥 10인용 CR-1075S,49340,대용량 10인용 전기보온밥솥으로 지금까지의 밥솥과는 차별화된 열기 보존 기술을 통해 따뜻하고 맛있는 밥을 오랫동안 유지할 수 있습니다. 세련된 디자인과 편리한 조작으로 주방에서 손쉽게 식사를 준비하고 가족들과의 식사 시간을 더욱 특별하게 만들어 줍니다.
img38.png,Olayks Orek 전기 밥솥 가정용 2L 다기능 빠른 요리 1-2 미니 작은 전기 밥솥 2L 밥솥 (김이 나는 + 김이 나는) DFB06001,88040,Olayks Orek 2L 전기 밥솥으로 소형이지만 다양한 요리가 가능하며 신속한 조리로 바쁜 일상에 편리함을 제공합니다. 김이 나는 내솥과 함께 제공되어 정성스러운 음식을 손쉽게 즐길 수 있으며 작은 가정이나 1~2인 가구에 적합합니다.
img39.png,쿠첸 더핏 전기압력 밥솥 10인용 CRS-FWK1041W,199000,튼튼한 뚜껑 디자인과 더욱 향상된 압력 제어로 안전하고 빠르게 밥을 조리할 수 있는 쿠첸 더핏 10인용 전기압력 밥솥입니다. 큰 가족이나 대규모 모임에 적합하며 간편한 조작과 다양한 요리 기능으로 현대인의 식사 스타일을 지원합니다.
img40.png,쿠첸 마이컴 보온 밥솥 6인용 CJE-B0601,97800,쿠첸의 최신 마이컴 기술이 적용된 6인용 보온 밥솥으로 보온 성능이 우수하여 따뜻한 밥을 오랫동안 즐길 수 있습니다. 다양한 요리 메뉴에 적합하며 간편한 조작으로 가정에서 손쉽게 다양한 식사를 즐길 수 있습니다.
img41.png,쿠쿠 프리미엄 미니 IH 전기 압력밥솥 3인용 CRP-EHS0320FSM,224000,쿠쿠의 높은 품질과 기술력이 담긴 미니 IH 전기 압력밥솥으로 소형이지만 강력한 성능과 다양한 조리 기능을 제공하여 작은 가구나 혼자 사는 분들에게 이상적입니다. 스마트한 디자인과 간편한 사용법으로 맛있는 밥을 빠르게 즐길 수 있습니다.
img42.png,대우 5~6인용 전기보온밥솥 DEC-K1000,34800,대우의 5~6인용 전기보온밥솥은 큰 가족을 위한 안정적이고 효율적인 식사를 위해 최적화되었습니다. 보온 기능으로 따뜻한 밥을 오래 유지하며 손쉬운 사용법과 간결한 디자인이 가정에서의 편리한 조리를 돕습니다.
img43.png,지고 가열 전기밥통 보온가능 꽂음 도시락통 자열찜밥신기 휴대 직장인 【홑겹더블담】10H 예약(304강담),47090,지고 가열 전기밥통은 신기한 꽂음 도시락통과 자열찜밥 기능이 결합된 혁신적인 제품으로 휴대용으로 최적화된 디자인과 편리한 사용법으로 직장인들에게 이상적입니다. 내열성이 뛰어난 304 스테인리스 강담으로 안심하고 식사를 할 수 있으며 10시간 예약 기능으로 시간에 구애받지 않습니다.
img44.png,쿠쿠 전기 압력밥솥 6인용 CRP-R068FS,164000,쿠쿠의 안정적인 성능과 강력한 압력 조절 기능이 결합된 6인용 전기 압력밥솥으로 큰 가족을 위한 믿을 수 있는 밥솥입니다. 스마트한 조작과 다양한 조리 기능으로 편리하게 다양한 요리를 즐길 수 있으며 안전하고 효율적인 식사를 제공합니다.
img45.png,키친아트 미니 전기 밥솥 크림 KC-200MY,23570,키친아트의 미니 전기 밥솥은 아기자기한 크림 컬러로 주방을 화사하게 만들어주며 소형이지만 강력한 밥솥 기능을 제공합니다. 간편한 디자인과 사용법으로 혼자 사는 분들이나 소규모 가구에 최적화되어 있으며 작지만 강력한 밥솥으로 다양한 식사를 즐길 수 있습니다.
img46.png,에버튼하우스 마카롱 미니전기밥솥 3인용 EHLM-MR671A(화이트),23900,에버튼하우스의 마카롱 미니전기밥솥은 세련된 디자인과 소형 크기로 혼자 또는 소규모 가구에 적합한 제품입니다. 화이트 컬러로 주방을 화사하게 만들며 3인용으로 간편한 조리와 효율적인 보온 기능을 제공합니다.
img47.png,키친플라워 쿠킨 미니 전기 보온 밥솥 3인용 KCJ-380CP,33800,키친플라워의 쿠킨 미니 전기 보온 밥솥은 소형이지만 성능은 큰 3인용으로 간편한 조작과 뛰어난 보온 기능으로 신속하고 안심하게 밥을 즐길 수 있습니다. 샴페인 골드 컬러의 세련된 외관과 함께 주방 인테리어를 더욱 돋보이게 만들어줍니다.
img48.png,누벨르 디지털 미니 전기밥솥 3인용 AT-RC207W,37800,누벨르의 디지털 미니 전기밥솥은 터치 스크린을 통한 간편한 조작과 소형이지만 강력한 성능으로 혼자 사는 분들이나 소규모 가구에 최적화되어 있습니다. 흰색 컬러의 깔끔한 디자인과 함께 디지털 기능을 활용하여 효율적인 식사를 즐길 수 있습니다.
img49.png,키친아트 꿀벌 미니전기보온밥솥 3~4인용 KARC-1034PB,36900,키친아트의 꿀벌 미니전기보온밥솥은 귀여운 디자인과 함께 3~4인용으로 가족 식사에 최적화된 제품입니다. 퓨어 블랙 컬러로 세련된 분위기를 연출하며 간단한 사용법과 안전한 보온 기능으로 편리한 식사를 선사합니다.
img50.png,쿠첸 미니 보온밥솥 4인용 CRE-D0401P,53320,쿠첸의 미니 보온밥솥은 4인용으로 적당한 크기로 작은 공간에 최적화된 실용적인 디자인입니다. 핑크 컬러로 분위기를 살려주며 효과적인 보온 기능과 간단한 사용법으로 손쉽게 다양한 요리를 즐길 수 있습니다.
img51.png,3~4인용 전기밥솥 ZMC-1900/짐머만 일반 소형 보온밥솥 전기밥통 자취생 가정용 ZMC-1900,23800,ZMC-1900은 소형이면서도 강력한 성능의 전기밥솥으로 자취생이나 소가구에 이상적입니다. 간편한 사용법과 보온 기능으로 편리한 식사를 제공합니다. 다양한 색상과 디자인으로 주방을 화사하게 만들며 안전하고 빠른 밥 조리가 가능합니다.
img52.png,대웅모닝컴 소형 가정용 전기 보온 밥솥 5~6인용,34830,대웅모닝컴의 소형 가정용 전기 보온 밥솥은 5~6인용으로 적당한 크기로 간단한 조작과 높은 보온 효과를 자랑합니다. 블랙 컬러의 세련된 디자인으로 주방을 더욱 고급스럽게 만들며 가족 식사나 소규모 소모임에 이상적입니다.
img53.png,맘쿡 전기 보온밥솥 3~4인용 DMC-100B,32500,맘쿡의 전기 보온밥솥 DMC-100B는 3~4인용으로 가정용으로 최적화된 제품입니다. 실용적이고 간편한 사용법으로 다양한 요리에 활용 가능합니다. 심플한 디자인과 높은 보온 성능으로 따뜻한 밥을 오래 유지하며 작은 가정에 어울리는 제품입니다.
img54.png,쿠쿠 전기보온밥솥 CR-0655FR 6인용 레드,69820,쿠쿠의 전기보온밥솥 CR-0655FR은 6인용으로 다채로운 식사를 즐길 수 있습니다. 간편한 조작과 레드 컬러의 세련된 외관이 돋보입니다. 뛰어난 발열판과 보온 시스템으로 따뜻한 식사를 제공하며 레드 컬러로 주방을 화사하게 연출합니다.
img55.png,대웅모닝컴 가정용 전기 보온 미니밥솥 3~4인용 DWR-S34KP,31900,대웅모닝컴의 가정용 전기 보온 미니밥솥은 3~4인용으로 소규모 가정에 최적화되어 있습니다. 간단한 조작과 미니 사이즈로 효율적인 사용이 가능합니다. 특히 블랙과 핑크 컬러의 선택이 가능하여 주방 인테리어에 맞게 선택할 수 있으며 작지만 강력한 성능을 자랑합니다.
img56.png,코멕스 디지털 마카롱 미니 전기밥솥 2~3인용 CM-RC20B,39800,코멕스의 마카롱 미니 전기밥솥 CM-RC20B는 소형이면서도 강력한 성능으로 2~3인 가정에 적합합니다. 디지털 제어로 편리한 조작이 가능하며 다양한 요리에 활용할 수 있습니다. 소형이지만 강력한 가열 시스템으로 빠르게 밥을 지어주며 식탁을 화사하게 연출하는 스타일리시한 디자인이 특징입니다.
img57.png,쿠첸 전기밥솥 10인용 CJE-NB1001,61000,쿠첸의 전기밥솥 CJE-NB1001은 대가족이나 소규모 모임에 최적화된 10인용 모델입니다. 간단한 조작으로 대량의 밥을 손쉽게 조리할 수 있으며 다양한 기능으로 다양한 요리에 활용 가능합니다. 고급스러운 디자인과 내열성 있는 내솥으로 오랫동안 신선하고 맛있는 밥을 제공하며 가정의 특별한 순간을 돕는 제품입니다.
img58.png,대웅모닝컴 전기 보온밥솥 3종 택 1 1) 3~4인용(RC),27900,대웅모닝컴의 전기 보온밥솥은 3종 중 선택 가능한데 3~4인용 모델은 소규모 가정에 적합합니다. 간편한 조작과 효율적인 보온 기능으로 식사 시간을 편리하게 즐길 수 있습니다. 다양한 색상과 디자인 중 선택하여 주방 인테리어에 어울리며 안전하고 신선한 밥을 제공하는 제품입니다.
img59.png,에버튼하우스 마카롱 미니전기밥솥 3인용 EHLM-MR672B(올리브),23900,에버튼하우스의 마카롱 미니전기밥솥 EHLM-MR672B는 3인 가정에 이상적인 크기로 올리브 컬러가 돋보이는 제품입니다. 소형이면서도 강력한 가열 시스템으로 신속한 밥 조리가 가능합니다. 스마트한 기능과 간편한 디지털 조작으로 다양한 요리를 즐길 수 있으며 작지만 강력한 성능을 자랑합니다.
img60.png,키친아트 미니 전기 밥솥 피치 KC-202MY,23570,키친아트의 미니 전기 밥솥 KC-202MY는 피치 컬러의 아름다운 디자인으로 주방을 화사하게 만들어줍니다. 소형이지만 2~3인 가정에 적합한 성능을 자랑합니다. 간편한 사용법과 높은 보온 성능으로 식사 시간을 더욱 즐겁게 만들며 작은 공간에도 효과적으로 활용할 수 있는 제품입니다.
img61.png,에버튼하우스 마카롱 미니전기밥솥 3인용 EHLM-MR675E(라벤더),23900,에버튼하우스의 라벤더 컬러가 돋보이는 마카롱 미니전기밥솥 EHLM-MR675E는 소형 가정에 최적화된 3인용 모델입니다. 간단한 조작과 빠른 밥 조리로 편리한 일상 식사를 선사합니다. 미니 사이즈에 강력한 성능을 자랑하여 소규모 가정이나 혼밥족에게 이상적이며 아름다운 라벤더 컬러로 주방을 화사하게 연출할 수 있습니다.
img62.png,본사직영) 쿠쿠 3인용 에그밥솥 전기보온밥솥 CR-0375FW,72000,쿠쿠의 3인용 에그밥솥 CR-0375FW는 본사 직영으로 안정적인 품질과 신뢰성을 제공합니다. 에그밥 및 다양한 메뉴의 조리가 가능하며 전기보온 기능으로 따뜻한 밥을 오랫동안 유지할 수 있습니다. 간편한 조작과 첨단 기술이 결합된 제품으로 바쁜 일상 속에서도 편리하게 식사를 즐길 수 있는 에센셜한 주방 가전 제품입니다.
img63.png,쿠쿠 마시멜로 미니 밥솥 2인용 CR-0255MW,51500,쿠쿠의 마시멜로 미니 밥솥 CR-0255MW는 소형이면서도 강력한 가열 성능으로 2인 가정에 최적화되어 있습니다. 간편한 조작과 스타일리시한 디자인으로 주방을 미니멀하게 연출합니다. 미니 사이즈이지만 강력한 기능으로 다양한 요리에 활용 가능하며 작은 가정이나 개인 주방에 이상적인 제품입니다.
img64.png,신일 원쿡 디지털 미니 전기 보온 밥솥 3.5인용 SCJ-BL800SJ,60920,신일의 원쿡 디지털 미니 전기 보온 밥솥 SCJ-BL800SJ는 3.5인용으로 다양한 가정에 적합합니다. 디지털 제어로 정밀한 조리가 가능하며 소형이면서도 다양한 요리에 활용할 수 있습니다. 안전하고 효율적인 보온 기능으로 따뜻한 식사를 제공하며 간단한 조작과 세련된 디자인이 돋보이는 제품입니다.
img65.png,쿠첸 머쉬룸 미니밥솥 1.5인용 CRM-E0101W,51840,쿠첸의 머쉬룸 미니밥솥 CRM-E0101W는 소형이지만 1.5인 가정에 최적화된 모델입니다. 간단한 조작으로 미니 사이즈의 밥을 간편하게 조리할 수 있으며 다기능성이 돋보입니다. 작은 공간에 효과적으로 활용되며 귀여운 머쉬룸 디자인이 주방을 화사하게 만들어주는 제품입니다.
img66.png,<신규한정>대웅모닝컴 취사 보온 전기밥솥 4인용 6인용 10인용 DW-RC320,31900,대웅모닝컴의 신규한정 취사 보온 전기밥솥 DW-RC320은 4인용 6인용 10인용으로 다양한 가정 규모에 맞게 선택 가능합니다. 뛰어난 취사와 보온 성능으로 풍성한 식사를 제공하며 특별한 한정판 디자인으로 주방을 더욱 화사하게 연출합니다.
img67.png,쿠쿠 전기보온밥솥 3인용 CR-0365FR CR-0365FR(레드),67290,쿠쿠의 전기보온밥솥 CR-0365FR은 3인 가정에 최적화된 제품으로 안정적인 보온 성능과 간편한 사용법이 돋보입니다. 특히 레드 컬러로 다양한 주방 인테리어에 어울리며 손쉬운 조작으로 맛있는 밥을 손쉽게 즐길 수 있습니다.
img68.png,에버튼하우스 마카롱 미니전기밥솥 3인용 EHLM-MR673C(옐로우),23900,에버튼하우스의 마카롱 미니전기밥솥 EHLM-MR673C는 3인용으로 소규모 가정에 적합합니다. 매력적인 옐로우 컬러로 주방을 화사하게 연출하며 손쉬운 조작과 미니 사이즈로 편리한 일상 식사를 선사합니다.
img69.png,키친아트 큐티 전기밥솥 미니 보온밥솥 5~6인용 PK-600,43150,키친아트 큐티 전기밥솥 PK-600은 5~6인용으로 가족 식사에 이상적입니다. 소형이면서 강력한 성능으로 다양한 요리에 활용 가능하며 아기자기한 디자인이 주방을 더욱 특별하게 만들어줍니다.
img70.png,키친아트 큐티 전기밥솥 미니 보온밥솥 3~4인용 PK-400,43900,키친아트 큐티 전기밥솥 PK-400은 3~4인용으로 소규모 가정에 알맞습니다. 소형이지만 뛰어난 보온 성능과 다기능성을 제공하며 간편한 사용법과 세련된 디자인으로 주방 공간을 효과적으로 활용합니다.
img71.png,에버튼하우스 마카롱 미니전기밥솥 3인용 EHLM-MR674D(코랄),23900,에버튼하우스 마카롱 미니전기밥솥 EHLM-MR674D는 3인 가정에 최적화된 사이즈로 아기자기한 코랄 컬러로 주방을 화사하게 만듭니다. 손쉬운 조작과 소형 디자인으로 간편한 일상 식사를 즐길 수 있습니다.
img72.png,Fowod 3중압력솥 5분 바로 밥 누룽지 3L~7L용량 인덕션 가스레인지 다용도 3L 1개,24600,Fowod 3중압력솥은 5분만에 간편하게 밥과 누룽지를 즐길 수 있는 다용도 솥입니다. 3L의 적절한 크기로 인덕션 및 가스레인지에서 사용 가능하며 효율적인 압력 조절로 다양한 요리를 손쉽게 완성할 수 있습니다.
img73.png,미니 전기 밥솥 찜기 멀티 쿠커 2단 1.5L 1-2인용 레드,14460,레드 컬러의 미니 전기 밥솥 찜기 멀티 쿠커는 1.5L 용량으로 1~2인 가정에 적합합니다. 손쉬운 조작과 2단 구조로 다양한 음식을 동시에 조리할 수 있어 편리하며 작은 공간에 최적화된 디자인이 강점입니다.
img74.png,네오플램 피카 도자기 밀폐용기 반찬통 전자렌지용기 피카도자기용기(중) 1개,14320,네오플램 피카 도자기 밀폐용기는 전자렌지 사용이 가능한 중형 용기로 영양소 보존에 우수한 성능을 자랑합니다. 독특한 피카 도자기 디자인으로 식탁을 화사하게 만들며 신선한 반찬을 보관하기에 이상적입니다.
img75.png,에너저틱 보온전기밥솥 3~4인용 [UEC-100] 3~4인용,31500,에너저틱 보온전기밥솥 [UEC-100]은 3~4인 가정을 위한 안정적인 보온 성능과 뛰어난 취사 기능을 제공합니다. 간편한 조작과 안전한 사용을 고려한 디자인으로 가족과 함께 푸짐한 식사를 즐길 수 있습니다.
img76.png,키친아트 전기 보온밥솥 PK-300,30950,키친아트 전기 보온밥솥 PK-300은 손쉬운 조작과 효율적인 보온 성능으로 뜨거운 식사를 오래간직합니다. 간편한 사용법과 안전한 설계로 가정 및 사무실에서 다양한 요리를 편리하게 즐길 수 있습니다.
img77.png,다기능미니 밥솥 도시락/1인용밥솥 캠핑/다이어트/2인밥솥 세라믹 내솥 NL230227-A,27160,다기능미니 밥솥 NL230227-A는 도시락 1인 식사 캠핑 다이어트에 최적화된 다용도 밥솥입니다. 세라믹 내솥으로 건강한 취사를 지원하며 손쉬운 휴대와 다양한 환경에서의 활용이 가능합니다.
img78.png,대웅모닝컴 5~6인용 원터치 전기 보온밥솥,34900,대웅모닝컴 5~6인용 원터치 전기 보온밥솥은 간편한 원터치 조작으로 식사를 더욱 간편하게 즐길 수 있는 보온밥솥입니다. 가족 식사나 소규모 모임에서 효율적으로 사용할 수 있습니다.
img79.png,6인용 전기 압력 밥솥,97950,6인용 전기 압력 밥솥은 다양한 요리를 빠르게 즐길 수 있는 기능을 제공합니다. 안전하고 신속한 취사로 가족들과의 식사를 더욱 편리하게 즐길 수 있습니다.
img80.png,풍년 마레 인덕션 플로잉 가정용 스테인리스 인덕션 6인용 압력솥 MFPC-06 (IH) 3.5L 혼합색상,75050,풍년 마레 인덕션 압력솥 MFPC-06은 스테인리스 소재와 현대적인 디자인이 조화를 이루는 제품입니다. 6인 가족을 위한 3.5L 용량과 인덕션 기술로 빠르고 안전한 취사를 제공하여 가정 식사에 편리함을 더합니다.
img81.png,어반 맛있게 당을 낮춘 다이어트 저당밥솥 소형 미니 전기밥솥 캠핑밥솥 UEC-R20,62010,UEC-R20은 다이어트를 위해 당분을 낮춘 맛깔나는 밥을 손쉽게 즐길 수 있는 소형 미니 전기밥솥입니다. 캠핑 및 식사 시 이동이 편리하며 저당식으로 건강에도 도움이 되는 제품입니다.
img82.png,미니 전기밥솥 2~3인용 / 손잡이 분리형찜틀 물받이 캠핑용 밥솥 밥통 단일컬러,33150,미니 전기밥솥은 2~3인 가족을 위한 소형 크기로 손잡이 분리형 찜틀과 물받이 기능이 갖춰져 있어 캠핑이나 소규모 모임에서 효율적으로 사용 가능합니다. 간편한 이동과 다양한 요리가 가능한 제품입니다.
img83.png,빈크루즈 가정용 미니밥솥 ~2인용 BCR-230,29920,빈크루즈 미니밥솥 BCR-230은 2인 가족을 위한 소형 밥솥으로 간단한 조작과 실용적인 크기로 일상적인 식사를 편리하게 즐길 수 있습니다. 간편한 소지와 세척이 가능한 디자인이 특징입니다.
img84.png,겐지아 스텐 IH 압력솥 3.5L 스텐 압력솥 1개,61700,겐지아 스텐 IH 압력솥은 3.5L 용량으로 가정에서 효율적으로 사용할 수 있는 압력솥입니다. 내구성 있는 스텐레스 스틸 소재로 제작되어 안전하고 신속한 취사를 지원하며 다양한 요리에 활용할 수 있습니다.
img85.png,어반&홈 보온전기밥솥 5~6인용 UNH-150S 단품,33840,어반&홈 보온전기밥솥 UNH-150S는 5~6인 가족을 위한 효율적인 밥솥으로 보온 기능이 강화된 디자인입니다. 다양한 식재료를 활용한 요리에 적합하며 가정에서 간편하게 식사를 즐길 수 있는 제품입니다.
img86.png,미니밥솥 전기 1인용 2인용 소형 일반 자취생 마카롱 이유식,53100,소형 미니밥솥으로 1인 또는 2인 가구에 최적화된 크기로 일상적인 식사부터 간편한 이유식까지 다양한 요리를 손쉽게 즐길 수 있는 제품입니다. 마카롱 디자인으로 세련된 식탁을 연출할 수 있습니다.
img87.png,[보국전자] 보국 쿡스클럽 로우로우 미니저당밥솥 BKKR-20535MN,52150,쿡스클럽 로우로우 미니저당밥솥은 보국전자의 특별한 로우로우 기술을 통해 저당밥을 더욱 맛있게 즐길 수 있습니다. 소형이지만 세련된 디자인과 탁월한 기능이 결합된 미니 밥솥입니다.
img88.png,자이글 자동압력국솥 진국 원터치 매뉴얼조리 식재료의 진한 국물맛을 72시간 그대로,119200,자이글 자동압력국솥은 원터치 기능과 매뉴얼 조리를 통해 진한 국물 맛을 72시간 그대로 즐길 수 있는 국솥입니다. 다양한 식재료를 활용한 간편하고 맛있는 국물요리에 최적화된 제품입니다.
img89.png,웰핀 스마트 저당밥솥 HOT-20KA(매트화이트),130530,웰핀 스마트 저당밥솥 HOT-20KA는 스마트한 기능과 매트화이트 디자인이 돋보이는 제품으로 최저 당분으로 건강하게 즐길 수 있는 저당밥을 제공합니다. 간편한 조작과 다양한 기능이 특징입니다.
img90.png,미디어 멀티압력쿠커 MPC-60B 트윈팟 5.7리터 6인용,73610,미디어 멀티압력쿠커 MPC-60B는 트윈팟 기능과 5.7리터 용량으로 6인 가구에 적합한 멀티압력쿠커입니다. 다양한 조리 기능과 용량으로 가정에서 손쉽게 다양한 요리를 즐길 수 있는 제품입니다.
img91.png,셀렉프로 전기밥솥 멀티쿠커 캠핑용밥솥 이유식 1인용 2인용 3인용 밥솥 스마트쿠커 전기밥통 미니전기밥솥 세라믹 도자기 뚝배기 밥솥 추천,75650,셀렉프로 전기밥솥은 멀티쿠커 및 캠핑용밥솥으로 다양한 용도로 활용 가능합니다. 이유식부터 1인 2인 3인 가구까지 적절한 사이즈로 다양한 요리를 손쉽게 즐길 수 있습니다. 스마트쿠커로 편리한 조리 경험을 제공합니다.
img92.png,쿠첸 크리미 미니 밥솥 3~4인용 CJE-CD0302,11720,쿠첸 크리미 미니 밥솥은 3~4인 가구에 최적화된 크기로 다양한 요리를 간편하게 즐길 수 있습니다. 소형이지만 강력한 기능과 세련된 디자인이 특징입니다.
img93.png,매직쉐프 초고속 미니 멀티 압력밥솥 화이트,59900,매직쉐프 초고속 미니 멀티 압력밥솥은 화이트 컬러로 세련된 디자인과 함께 최고의 조리 성능을 제공합니다. 소형이지만 고속 조리로 바쁜 일상 속에서도 빠른 식사를 즐길 수 있습니다.
img94.png,매직쉐프 멀티쿠커 다기능 미니 압력밥솥 3~4인용 아이보리 MRC-L30B,119000,매직쉐프 멀티쿠커는 아이보리 컬러의 세련된 디자인과 다양한 기능으로 3~4인 가구에 최적화되어 있습니다. 다기능 압력밥솥으로 미니멀한 공간에서도 다양한 요리를 즐길 수 있습니다.
img95.png,트루리빙 전기 압력밥솥 3~4인용 KRC-34WK,69100,트루리빙 전기 압력밥솥은 3~4인용으로 가족 식사에 최적화된 크기입니다. 다양한 기능과 안전한 압력 조리로 편리하게 맛있는 밥을 뚝배기에서 즐길 수 있습니다.
img96.png,쿠쿠 전기 압력밥솥 6인용 CRP-R068FS,164000,쿠쿠의 전기 압력밥솥은 6인용으로 가족 식사에 적합합니다. 안전하고 효율적인 압력조리로 맛있는 밥을 빠르게 즐길 수 있으며 다양한 기능과 신속한 조리로 편리함을 제공합니다.
img97.png,쿠첸 3단계 이유식기능 크리미 미니 밥솥 6인용 CJE-CD0601,86000,쿠첸의 크리미 미니 밥솥은 6인용으로 가족 식사에 최적화되어 있습니다. 3단계 이유식 기능을 지원하여 아기 식사부터 성인까지 건강한 식사를 즐길 수 있습니다. 소형이지만 다양한 기능이 탑재돼 있습니다.
img98.png,쿠첸 마이컴 보온 밥솥 6인용 CJE-B0601,97800,쿠첸 마이컴 보온 밥솥은 6인용으로 안정적인 보온 기능과 함께 다양한 메뉴를 쉽게 조리할 수 있는 기능이 특징입니다. 간편한 조작과 보온 효과로 항상 따뜻하고 맛있는 밥을 즐길 수 있습니다
img99.png,쿠쿠 3인용 IH 전기압력밥솥 CRP-HQB0310FS 신제품,164090,쿠쿠의 3인용 IH 전기압력밥솥은 최신 기술을 적용한 신제품입니다. 강력한 IH 기능과 안전한 압력밥솥으로 다양한 요리를 빠르게 즐길 수 있습니다. 소형이지만 강력한 성능을 자랑합니다.
img100.png,쿠첸 머쉬룸 미니밥솥 1.5인용 CRM-E0101W,51840,쿠첸 머쉬룸 미니밥솥은 1.5인용으로 소형 가정이나 혼자 사는 분들에게 적합합니다. 소형이지만 강력한 성능과 세련된 디자인으로 간편한 조리와 식사를 제공합니다.
img101.png,신일 멀티쿠커 전기 밥솥 3~4인용 SCJ-RW40PX,40900,신일의 멀티쿠커 전기 밥솥은 3~4인 가정을 위한 안정적인 조리 성능을 제공합니다. 스테인리스 스틸 소재로 튼튼하며 다양한 기능으로 밥뿐만 아니라 찜 죽 등 다양한 요리를 손쉽게 즐길 수 있습니다.
img102.png,키친아트 미니 전기밥솥 앤 찜기 1~3인용 KRC-1230WS,30900,키친아트의 미니 전기밥솥은 1~3인 가구에 이상적입니다. 소형이지만 다기능적으로 활용 가능하며 찜기 기능이 추가되어 간편한 찜 요리까지 가능합니다. 손쉬운 조작과 효율적인 보온 성능이 눈에 띕니다.
img103.png,쿠첸 더핏 전기압력 밥솥 10인용 CRS-FWK1041W,199000,쿠첸 더핏 전기압력 밥솥은 10인용으로 대가족 식사에 적합합니다. 스피드 메뉴 스팀 타임 슬립 등 다양한 기능을 제공하여 다양한 요리를 빠르고 편리하게 즐길 수 있습니다. 효율적인 압력 조리로 맛과 영양을 간직합니다.
img104.png,[엠엔] 3인용 다기능 보온 미니 전기 밥솥 RCN-3TW(화이트),39900,[엠엔]의 3인용 다기능 보온 미니 전기 밥솥은 소형이지만 다양한 기능과 보온 성능으로 혼자 또는 소가족이 맛있는 밥을 즐길 수 있습니다. 간편한 조작과 화이트 컬러로 주방을 더 화사하게 만듭니다.
img105.png,제니퍼룸 마카롱 전기밥솥 화이트 1~2인용 1.2L JR-RC0311WH(화이트),44550,제니퍼룸 마카롱 전기밥솥은 화이트 컬러와 1~2인용 1.2L 용량으로 소형 주방에 어울립니다. 소량 조리에 최적화된 크기로 다양한 소스 및 찜 요리에도 활용이 가능합니다. 스타일리시한 디자인으로 주방 공간을 더욱 아름답게 연출합니다.
